<?xml version="1.0" encoding="UTF-8"?>
<!--
- (c) Copyright IBM Corporation 2017.
- This is licensed under the following license.
- The Eclipse Public 1.0 License (http://www.eclipse.org/legal/epl-v10.html)
- U.S. Government Users Restricted Rights:  Use, duplication or disclosure restricted by GSA ADP Schedule Contract with IBM Corp.
-->
<plugin-upgrade
        xmlns="http://www.urbancode.com/UpgradeXMLSchema_v1"
        xmlns:xsi="http://www.w3.org/2001/XMLSchema-instance">

    <migrate to-version="2">
        <migrate-command name="Add Work Item Comments"/>
        <migrate-command name="Change Work Item Status"/>
    </migrate>
    <migrate to-version="3">
    </migrate>
    <migrate to-version="4">
    </migrate>
    <migrate to-version="5">
    </migrate>
    <migrate to-version="6">
    </migrate>
    <migrate to-version="7">
    </migrate>
    <migrate to-version="8">
    </migrate>
    <migrate to-version="9">
    </migrate>
    <migrate to-version="10">
    </migrate>
    <migrate to-version="11">
    </migrate>
    <migrate to-version="12">
    </migrate>
    <migrate to-version="13">
    </migrate>
    <migrate to-version="14">
    </migrate>
    <migrate to-version="15">
    </migrate>
    <migrate to-version="16">
    </migrate>
    <migrate to-version="17">
    </migrate>
    <migrate to-version="18">
    </migrate>
    <migrate to-version="19">
    </migrate>
    <migrate to-version="20">
        <migrate-command name="Authentication test"/>
        <migrate-command name="Get Venafi Policy"/>
        <migrate-command name="Request Certificate"/>
        <migrate-command name="Request Certificate Wait"/>
        <migrate-command name="Generate Certificate CSR"/>
        <migrate-command name="Submit CSR to Venafi"/>
        <migrate-command name="Submit Custom Fields to Venafi"/>
        <migrate-command name="Retrieve Certificate"/>
        <migrate-command name="Get Certificate Status"/>
        <migrate-command name="Validate Remaining Days"/>
        <migrate-command name="Revoke Certificate"/>
        <migrate-command name="Renew Certificate"/>
    </migrate>
    <migrate to-version="21">
    </migrate>
    <migrate to-version="22">
    </migrate>
    <migrate to-version="23">
    </migrate>
    <migrate to-version="24">
    </migrate>
    <migrate to-version="25">
    </migrate>
    <migrate to-version="26">
    </migrate>
    <migrate to-version="27">
    </migrate>
    <migrate to-version="28">
    </migrate>
    <migrate to-version="29">
    </migrate>
</plugin-upgrade>
